Entry ID,Entity ID,Chain ID,Database Name,Accession Code(s),Sequence,Chain Length,Entity Macromolecule Type,Molecular Weight (Entity),
3OFW,1,A,UniProt,P31713,EAEASICSEPKKVGRCKGYFPRFYFDSETGKCTPFIYGGCGGNGNNFETLHQCRAICRLG,60,polypeptide(L),6.625,
3PZZ,1,A B,UniProt,P05067,GAIIGL,6,polypeptide(L),0.543,
3Q2X,1,A,UniProt,P05067,NKGAII,6,polypeptide(L),0.616,
2Y2A,1,A,UniProt,P05067,KLVFFA,6,polypeptide(L),0.725,
2Y29,1,A,UniProt,P05067,KLVFFA,6,polypeptide(L),0.725,
2Y3J,1,A B C D E F G H,UniProt,P05067,AIIGLM,6,polypeptide(L),0.617,
2Y3K,1,A B C D E F G H,UniProt,P05067,MVGGVVIA,8,polypeptide(L),0.745,
2Y3L,1,A B C G,UniProt,P05067,MVGGVVIA,8,polypeptide(L),0.745,
3OW9,1,A B,UniProt,P05067,KLVFFA,6,polypeptide(L),0.725,
3OVJ,1,A B C D,UniProt,P05067,KLVFFA,6,polypeptide(L),0.725,
4PTI,1,A,UniProt,P00974,RPDFCLEPPYTGPCKARIIRYFYNAKAGLCQTFVYGGCRAKRNNFKSAEDCMRTCGGA,58,polypeptide(L),6.528,
1BPI,1,A,UniProt,P00974,RPDFCLEPPYTGPCKARIIRYFYNAKAGLCQTFVYGGCRAKRNNFKSAEDCMRTCGGA,58,polypeptide(L),6.528,
6NB9,1,A,UniProt,P05067,FAEDVGSNKGAIIGL,15,polypeptide(L),1.492,
1DTX,1,A,UniProt,P00980,QPRRKLCILHRNPGRCYDKIPAFYYNQKKKQCERFDWSGCGGNSNRFKTIEECRRTCIG,59,polypeptide(L),7.069,
5YV7,1,A,UniProt,P81658,WQPPWYCKEPVRIGSCKKQFSSFYFKWTAKKCLPFLFSGCGGNANRFQTIGECRKKCLGK,60,polypeptide(L),6.998,
5VOS,1,A,UniProt,P05067,VGSNKGAIIGL,11,polypeptide(L),1.029,
5M4V,1,A,UniProt,A0A1Z0YU59,RPSFCNLPVKPGPCKAFFSAFYYSQKTNKCHSFTYGGCKGNANRFSTLEKCRRTCVG,57,polypeptide(L),6.416,
5TXD,1,Z,UniProt,P05067,NKGAIF,6,polypeptide(L),0.649,
5PTI,1,A,UniProt,P00974,RPDFCLEPPYTGPCKARIIRYFYNAKAGLCQTFVYGGCRAKRNNFKSAEDCMRTCGGA,58,polypeptide(L),6.528,
6OIZ,1,A,UniProt,P05067,FAEDVGSNKGAIIGL,15,polypeptide(L),1.492,
1FAN,1,A,UniProt,P00974,RPDFCLEPPYTGPCKARIIRYFYNAKAGLCQTFVYGGCRAKRNNAKSAEDCMRTCGGA,58,polypeptide(L),6.451,
1G6X,1,A,UniProt,P00974,RPDFCLEPPYAGACRARIIRYFYNAKAGLCQTFVYGGCRAKRNNFKSAEDCLRTCGGA,58,polypeptide(L),6.481,
6Q61,1,A,UniProt,P0C1X2,KDRPSLCDLPADSGSGTKAEKRIYYNSARKQCLRFDYTGQGGNENNFRRTYDCARTCLYTA,61,polypeptide(L),6.959,
6PTI,1,A,UniProt,P00974,RPDFCLEPPYTGPCKARIIRYFYNAKAGLCQTFVYGGCRAKRNNFKSAEDCMRTCGGA,58,polypeptide(L),6.528,
2KNT,1,A,UniProt,P12111,ETDICKLPKDEGTCRDFILKWYYDPNTKSCARFWYGGCGGNENKFGSQKECEKVCAPV,58,polypeptide(L),6.64,
7JXO,1,A B C,UniProt,P05067,VACVFACEDVGSNKGAIIGLA,21,polypeptide(L),2.221,
7PTI,1,A,UniProt,P00974,RPDFCLEPPYTGPCKARIIRYFYNAKAGLAQTFVYGGCRAKRNNFKSAEDAMRTCGGA,58,polypeptide(L),6.463,
6O4J,1,A B,UniProt,P05067,XKLVFFAENVGSX,13,polypeptide(L),1.235,
1KNT,1,A,UniProt,P12111,ETDICKLPKDEGTCRDFILKWYYDPNTKSCARFWYGGCGGNENKFGSQKECEKVCAPV,58,polypeptide(L),6.64,
1K6U,1,A,UniProt,P00974,RPDFCLEPPYAGACRARIIRYFYNAKAGLCQTFVYGGCRAKRNNFKSAEDCLRTCGGA,58,polypeptide(L),6.481,
1KTH,1,A,UniProt,P12111,ETDICKLPKDEGTCRDFILKWYYDPNTKSCARFWYGGCGGNENKFGSQKECEKVCAPV,58,polypeptide(L),6.64,
2FK2,1,A,UniProt,P05067,EACKFLHQERMDVCETHLHWHTVAKETCSEKSTNLHDYGMLLPCGIDKFRGVEFVCCPL,59,polypeptide(L),6.849,
2FK1,1,A,UniProt,P05067,EACKFLHQERMDVCETHLHWHTVAKETCSEKSTNLHDYGMLLPCGIDKFRGVEFVCCPL,59,polypeptide(L),6.849,
2FJZ,1,A,UniProt,P05067,EACKFLHQERMDVCETHLHWHTVAKETCSEKSTNLHDYGMLLPCGIDKFRGVEFVCCPL,59,polypeptide(L),6.849,
2FMA,1,A,UniProt,P05067,EACKFLHQERMDVCETHLHWHTVAKETCSEKSTNLHDYGMLLPCGIDKFRGVEFVCCPL,59,polypeptide(L),6.849,
1QLQ,1,A,UniProt,P00974,RPDFCLEPPYAGACRARIIRYFYNAKAGLCQTFVYGGCRAKRNNFKSAEDCLRTCGGA,58,polypeptide(L),6.481,
8PTI,1,A,UniProt,P00974,RPDFCLEPPYTGPCKARIIRYFYNAKAGLCQTFVGGGCRAKRNNFKSAEDCMRTCGGA,58,polypeptide(L),6.421,
9PTI,1,A,UniProt,P00974,RPDFCLEPPYTGPCKARIIRYFYNAKAGLCQTFVYGGCRAKRNNFKSAEDCMRTCGGA,58,polypeptide(L),6.544,
1BTI,1,A,UniProt,P00974,RPDFCLEPPYTGPCKARIIRYAYNAKAGLCQTFVYGGCRAKRNNFKSAEDCMRTCGGA,58,polypeptide(L),6.451,
1BPT,1,A,UniProt,P00974,RPDFCLEPPYTGPCKARIIRYFANAKAGLCQTFVYGGCRAKRNNFKSAEDCMRTCGGA,58,polypeptide(L),6.435,
1NAG,1,A,UniProt,P00974,RPDFCLEPPYTGPCKARIIRYFYNAKAGLCQTFVYGGCRAKRGNFKSAEDCMRTCGGA,58,polypeptide(L),6.471,
